date,actual_kwh,predicted_kwh,residual_kwh,residual_sigma,is_anomaly,mean_temp,mean_cloud,mean_humidity,max_ghi
2026-01-18,8205.173922156448,8306.16363211393,-100.98970995748277,-4.331485969635746,True,26.412499999999998,99.625,75.375,893.0
2026-01-19,10879.48872496314,10983.567325571092,-104.07860060795247,-3.4088333149134193,True,26.212500000000002,98.0,74.29166666666667,836.0
2026-01-17,8600.445008222312,8632.661083061397,-32.216074839085195,-2.5866251798486517,True,26.275000000000002,88.54166666666667,79.70833333333333,833.0
2026-01-31,7532.329165345564,7798.376424444706,-266.04725909914123,-2.5543618327803697,True,26.787499999999998,40.25,76.25,882.0
2025-05-22,7157.383355056695,7194.071449305201,-36.68809424850588,-2.4036414991370485,True,27.308333333333334,71.41666666666667,87.375,799.0
2026-02-01,6704.534169683031,6991.063974504262,-286.52980482123075,-2.37390524932003,True,26.820833333333336,43.583333333333336,76.45833333333333,891.0
2026-01-30,8307.814634444152,8512.138914642113,-204.32428019796134,-2.351080803263099,True,26.337500000000002,44.125,77.375,838.0
2025-07-22,6963.799482245557,6993.013402992039,-29.213920746482472,-2.3479024345642023,True,26.958333333333332,70.75,84.25,806.0
2025-07-27,6195.428652626605,6231.826978122987,-36.39832549638231,-2.324200271438546,True,27.829166666666666,29.875,80.16666666666667,818.0
2026-02-04,7711.269278083648,8048.12517082653,-336.85589274288213,-2.1475861874623607,True,26.608333333333334,52.458333333333336,76.625,861.0
2025-08-30,8996.872147011281,9025.22933601583,-28.357189004547763,-2.1293615398740315,True,26.508333333333336,89.125,85.79166666666667,791.0
2025-11-15,8988.525477914734,9023.771826204189,-35.246348289454545,-2.089175498341885,True,26.650000000000002,91.875,84.83333333333333,843.0
2025-09-18,8076.466257473309,8115.752633076365,-39.2863756030556,-2.0203384642536926,True,27.02916666666667,98.5,83.79166666666667,844.0
2025-05-30,8058.379177539415,8089.675845671754,-31.29666813233962,-1.9529361084181667,False,26.920833333333334,96.0,86.66666666666667,745.0
2025-11-13,10419.007465632025,10447.834488792327,-28.827023160301906,-1.9465880271077596,False,25.77916666666667,93.125,88.33333333333333,753.0
2026-03-25,5569.650392190832,5915.377174845798,-345.7267826549669,-1.9006003219544185,False,28.008333333333336,58.875,68.95833333333333,995.0
2025-11-19,9722.780566458674,9757.22242391002,-34.44185745134564,-1.8899864293949908,False,26.645833333333332,99.5,83.91666666666667,818.0
2025-05-20,7397.443550139062,7423.904784301455,-26.46123416239334,-1.849639510639031,False,27.479166666666668,63.875,86.29166666666667,809.0
2026-02-02,8481.011885632279,8713.512692442086,-232.50080680980682,-1.7507743601833732,False,26.816666666666666,82.625,70.16666666666667,877.0
2025-05-08,6554.618492145039,6579.719183079658,-25.100690934618797,-1.7498798322360698,False,27.416666666666668,97.04166666666667,88.04166666666667,786.0
2025-09-13,10503.967226583298,10533.898662555333,-29.931435972035615,-1.7341767389016303,False,25.125,97.875,86.25,462.0
2025-09-10,8518.130358988139,8548.299652219406,-30.169293231267147,-1.7124832251361148,False,25.675,76.66666666666667,88.33333333333333,847.0
2026-02-08,8990.658586372396,9294.523891375211,-303.86530500281515,-1.6628037454026068,False,26.212500000000002,49.375,78.125,897.0
2025-10-12,8947.07741871518,8982.621285201458,-35.54386648627769,-1.6438940199182241,False,26.808333333333334,88.0,83.58333333333333,840.0
2026-03-23,6412.448626060818,6695.455110119841,-283.006484059023,-1.6430943200500245,False,27.34166666666667,80.25,70.375,950.0
2025-06-11,7126.892317131986,7157.37916450233,-30.48684737034455,-1.5921305818480187,False,27.90833333333333,92.95833333333333,82.54166666666667,874.0
2026-02-10,7903.744708022831,8215.394832540755,-311.65012451792336,-1.540962638202486,False,26.558333333333334,56.25,77.16666666666667,871.0
2025-12-16,8735.745621246055,8760.297089941856,-24.551468695801304,-1.5330015200555152,False,23.9375,100.0,96.33333333333333,439.0
2025-11-27,12937.539894135596,12968.291411172466,-30.7515170368697,-1.5012630430223015,False,26.525000000000002,100.0,87.41666666666667,607.0
2025-09-04,9528.423475223874,9550.896589572065,-22.473114348191302,-1.4928821341864522,False,26.34166666666667,83.29166666666667,86.45833333333333,585.0
2026-02-15,8557.106974575752,8914.797142201889,-357.6901676261368,-1.4794698518651925,False,26.087500000000002,90.58333333333333,82.41666666666667,906.0
2025-06-16,4941.397344008017,4969.64040736605,-28.243063358032487,-1.4130588869205807,False,27.425,95.58333333333333,84.75,861.0
2025-04-09,9040.777605999972,9061.248501850265,-20.470895850292436,-1.4045018227171282,False,26.6375,98.20833333333333,87.625,786.0
2025-10-08,9758.914101479906,9787.74253178883,-28.828430308924,-1.3985132211994786,False,27.133333333333336,94.29166666666667,84.33333333333333,802.0
2026-02-03,7110.140069987727,7310.261875206706,-200.1218052189788,-1.3905614768134675,False,26.425,90.08333333333333,72.79166666666667,962.0
2026-01-05,11966.303769595963,11983.460377256542,-17.15660766057954,-1.3814447670428658,False,26.433333333333334,99.83333333333333,80.58333333333333,719.0
2025-04-23,10157.357076931408,10177.924120262105,-20.567043330696833,-1.3735111980204338,False,25.808333333333334,99.41666666666667,90.83333333333333,701.0
2026-03-14,9247.630484896157,9505.000083947856,-257.36959905169897,-1.3712205155607982,False,27.133333333333336,76.33333333333333,77.08333333333333,809.0
2025-07-18,4078.8274448957573,4093.481449113733,-14.654004217975853,-1.3702779430175767,False,28.78333333333333,87.58333333333333,76.45833333333333,887.0
2025-10-29,12807.764518937462,12831.803319191424,-24.03880025396211,-1.3188231736370561,False,27.745833333333334,89.20833333333333,81.125,646.0
2025-10-06,8305.991883563562,8331.857723170684,-25.865839607122325,-1.318045576090633,False,26.804166666666664,86.29166666666667,84.875,835.0
2025-05-31,4508.466142162384,4531.1590923865115,-22.692950224127344,-1.3036076001260877,False,28.416666666666668,80.41666666666667,81.08333333333333,872.0
2025-06-07,4851.673519235579,4874.344022818627,-22.67050358304823,-1.2925115697026712,False,28.329166666666666,75.45833333333333,75.95833333333333,866.0
2026-01-21,10202.523401459286,10247.78108248415,-45.25768102486472,-1.289621886127598,False,25.71666666666667,99.83333333333333,76.29166666666667,924.0
2025-06-30,6743.068559240527,6763.767885218076,-20.69932597754905,-1.2799390003326083,False,27.620833333333334,64.0,81.58333333333333,744.0
2025-05-16,6950.744407351953,6967.295558285898,-16.551150933944882,-1.2794344670829587,False,27.145833333333332,94.625,85.75,819.0
2025-08-22,4965.676326182934,4984.236948855752,-18.56062267281868,-1.2781330893747094,False,27.541666666666668,31.625,78.41666666666667,911.0
2026-02-07,9110.782106708677,9332.088251338517,-221.30614462983976,-1.2607047312261659,False,25.816666666666666,63.958333333333336,84.95833333333333,890.0
2025-04-15,11172.941578071768,11192.842473347104,-19.900895275335643,-1.2462541795613171,False,26.354166666666668,96.5,89.91666666666667,675.0
2025-08-12,6601.542882236333,6618.706640040695,-17.16375780436192,-1.2394360130438995,False,26.758333333333336,96.70833333333333,83.625,826.0
2026-03-22,7344.508040210995,7559.799700793008,-215.2916605820128,-1.2335480794933569,False,27.070833333333336,85.5,72.125,946.0
2025-07-20,4944.546305927362,4957.812106894001,-13.26580096663929,-1.2328251602580969,False,27.583333333333332,89.45833333333333,80.125,855.0
2026-01-26,7628.813923063485,7687.679815960899,-58.86589289741369,-1.169151733430636,False,26.391666666666666,88.25,73.375,877.0
2025-06-02,8456.945419859117,8478.480710466556,-21.535290607438583,-1.1674348901071618,False,29.0625,65.58333333333333,75.70833333333333,798.0
2025-05-07,6662.760430279211,6677.366435698546,-14.606005419335816,-1.1487822222336561,False,27.53333333333333,79.29166666666667,86.45833333333333,808.0
2025-08-28,8726.087008682589,8739.639733694024,-13.552725011435541,-1.1431888502517338,False,26.65416666666667,82.20833333333333,82.79166666666667,740.0
2025-10-26,8855.948049474548,8877.263416676658,-21.315367202110792,-1.123319442281949,False,28.179166666666664,90.41666666666667,75.0,937.0
2025-11-11,10977.428606488797,10992.260785659946,-14.832179171149619,-1.12276356287313,False,26.641666666666666,97.41666666666667,87.125,727.0
2025-12-22,7968.53228855067,7984.685988991292,-16.153700440621833,-1.1032035352087999,False,27.21666666666667,71.54166666666667,76.83333333333333,907.0
2026-03-18,9006.008949014176,9201.393755344012,-195.38480632983556,-1.096210287734302,False,27.241666666666664,48.125,77.79166666666667,863.0
2026-02-14,7823.247487119621,8092.564718551315,-269.3172314316944,-1.0836717553607467,False,26.816666666666666,74.91666666666667,81.79166666666667,907.0
2025-04-22,6783.706933746153,6798.546482091788,-14.839548345635194,-1.0578299126984991,False,26.2,89.83333333333333,89.375,824.0
2025-09-28,9490.152313226085,9512.768363739193,-22.61605051310835,-1.0418412884927217,False,26.208333333333332,98.625,90.125,862.0
2025-04-12,6349.899988868393,6365.342745242033,-15.442756373639895,-1.0378054563055534,False,26.7375,93.75,87.125,884.0
2025-05-15,6591.216051180267,6603.558508921684,-12.342457741417093,-1.036909029875105,False,27.65833333333333,91.75,85.58333333333333,809.0
2025-12-27,11984.553134280597,11996.294126918392,-11.740992637794989,-1.016091338325146,False,25.8625,97.04166666666667,89.70833333333333,699.0
2025-08-17,6143.573385386023,6158.656918306888,-15.083532920864855,-0.9930688501128458,False,27.3875,72.625,80.70833333333333,809.0
2025-09-02,8435.01395214788,8448.94690831537,-13.932956167491284,-0.9672586737851424,False,25.870833333333334,98.875,88.04166666666667,690.0
2025-09-01,8487.529466032514,8500.606727556202,-13.077261523687412,-0.9619370568044688,False,26.099999999999998,98.91666666666667,85.875,484.0
2025-12-18,8718.606934639203,8735.004102829971,-16.397168190767843,-0.9428491989975643,False,25.28333333333333,91.20833333333333,89.16666666666667,805.0
2026-03-07,9352.859500033797,9578.780334109886,-225.9208340760888,-0.9356116569759005,False,26.7625,83.375,80.83333333333333,818.0
2025-10-11,7078.070368508491,7097.044712706144,-18.97434419765341,-0.9250307240001905,False,27.204166666666666,81.16666666666667,82.08333333333333,835.0
2025-06-09,6302.617954539388,6319.098460061492,-16.480505522104067,-0.8985709501233806,False,27.958333333333332,78.875,83.375,820.0
2026-02-11,9817.39916669244,10032.145842597558,-214.74667590511854,-0.8943881937862815,False,26.84166666666667,90.66666666666667,79.66666666666667,858.0
2026-02-12,11218.323035811605,11439.611988875331,-221.28895306372578,-0.8803044670597788,False,26.275000000000002,98.25,79.70833333333333,619.0
2026-01-09,9442.576075646904,9453.036717194025,-10.460641547120758,-0.8475262996195327,False,25.724999999999998,93.54166666666667,77.375,809.0
2025-09-16,10197.09644638166,10212.69349731365,-15.597050931990452,-0.8452591620936013,False,26.258333333333336,92.95833333333333,84.375,755.0
2025-08-15,7958.567132189552,7970.905245722416,-12.338113532864554,-0.8396632796363903,False,26.150000000000002,92.66666666666667,84.91666666666667,808.0
2025-07-08,6160.981032618389,6174.042885048743,-13.06185243035452,-0.8391187469003063,False,28.3,79.25,77.25,831.0
2025-10-21,11104.731106223953,11120.188463943443,-15.457357719489664,-0.8323329432997462,False,27.0625,99.45833333333333,83.75,557.0
2025-10-19,7729.327726815336,7743.8053059761105,-14.47757916077444,-0.8250474310874223,False,27.2625,95.83333333333333,82.875,880.0
2026-03-08,6781.132104988857,6989.0875372396495,-207.9554322507929,-0.783262178573743,False,26.933333333333334,88.16666666666667,76.04166666666667,976.0
2026-03-31,10139.848692183907,10320.592343589471,-180.74365140556438,-0.7473098288585044,False,27.020833333333332,93.25,84.29166666666667,737.0
2025-08-25,6515.0480907807,6525.423314476346,-10.375223695646127,-0.7461046568644728,False,27.15833333333333,77.16666666666667,80.04166666666667,885.0
2026-03-16,6165.883136635914,6313.263300331974,-147.38016369606066,-0.7384881733945012,False,26.945833333333336,49.75,77.54166666666667,928.0
2025-07-11,4198.055820349367,4207.818190963172,-9.762370613804705,-0.7218824673220398,False,27.920833333333334,50.25,79.08333333333333,861.0
2025-11-25,10016.98971490552,10032.402177737815,-15.412462832295205,-0.7209515156361153,False,25.991666666666664,100.0,86.91666666666667,826.0
2025-11-21,11632.061001100608,11647.047212347494,-14.986211246885432,-0.6764267925423566,False,26.579166666666666,98.625,86.125,630.0
2025-09-27,8353.58086041285,8367.33225836197,-13.751397949119564,-0.669484141346485,False,28.2,77.16666666666667,79.70833333333333,808.0
2025-11-10,9895.769623521535,9905.996499589051,-10.22687606751606,-0.6639942130765955,False,26.5625,96.25,86.0,756.0
2025-12-08,12871.46297322656,12885.488847228453,-14.02587400189259,-0.6616966623344999,False,26.133333333333336,100.0,77.79166666666667,562.0
2025-11-12,11565.998632480363,11575.155609396099,-9.156976915735868,-0.6476008987118181,False,25.879166666666666,99.95833333333333,89.125,556.0
2025-10-23,8351.312543456454,8363.698086088076,-12.38554263162223,-0.6399975859820787,False,27.075,94.91666666666667,78.20833333333333,819.0
2025-05-10,7196.96496175007,7205.070038517233,-8.105076767163155,-0.6371636325605915,False,28.229166666666668,93.875,84.41666666666667,836.0
2025-09-07,7846.342283828243,7856.708256231362,-10.365972403118576,-0.6216156947565938,False,25.525000000000002,95.5,91.875,334.0
2025-06-13,4510.297459641025,4523.673182465646,-13.375722824621334,-0.6142547130444781,False,29.116666666666664,57.0,76.45833333333333,828.0
2025-12-14,12747.432528981357,12759.02957213511,-11.597043153753475,-0.6065840885370034,False,25.212500000000002,99.875,90.70833333333333,579.0
2026-01-13,8497.773344389865,8504.073106783524,-6.299762393658966,-0.6011831697864907,False,26.045833333333334,62.375,79.20833333333333,797.0
2025-07-30,6009.011528043181,6016.604423613425,-7.592895570243854,-0.6003018076244921,False,28.52916666666667,80.33333333333333,78.04166666666667,842.0
2026-03-15,10422.329610899165,10552.525195753562,-130.19558485439666,-0.5915523691426895,False,26.545833333333334,91.29166666666667,80.58333333333333,784.0
2025-10-10,7703.717790441256,7715.135944071621,-11.41815363036585,-0.5914449720834772,False,27.075,92.375,80.125,865.0
2025-12-11,10504.023316604307,10516.431108130213,-12.40779152590585,-0.5909724780313212,False,25.95,99.875,88.08333333333333,635.0
2026-03-21,5712.3861228583855,5839.562170400731,-127.17604754234526,-0.5816916040493623,False,28.020833333333332,62.458333333333336,72.75,976.0
2025-04-24,6082.680528221908,6092.181700677102,-9.501172455193228,-0.5786740163774632,False,26.420833333333334,89.0,88.66666666666667,890.0
2026-03-24,6649.310406240353,6800.9913509304715,-151.68094469011885,-0.5783954952949754,False,27.6125,72.91666666666667,72.79166666666667,971.0
2025-05-14,11504.613115058142,11511.520575957933,-6.907460899790749,-0.5777518969256916,False,26.858333333333334,98.70833333333333,85.83333333333333,570.0
2025-12-31,11747.731903670701,11753.543372201126,-5.811468530424463,-0.5731571872525663,False,26.420833333333334,99.79166666666667,79.66666666666667,700.0
2026-02-09,9332.33037820071,9470.409714677937,-138.07933647722712,-0.5694511313529954,False,26.883333333333336,81.5,69.54166666666667,882.0
2025-08-05,4830.805321359518,4838.588854659255,-7.783533299737428,-0.5451939826872219,False,26.245833333333334,80.66666666666667,84.5,892.0
2025-09-26,8114.132931260686,8125.39072326056,-11.257791999873916,-0.5449985727622989,False,28.375,99.79166666666667,77.95833333333333,825.0
2025-08-19,9373.201405524449,9380.775001294456,-7.5735957700071594,-0.5435986930517014,False,25.6375,87.5,90.45833333333333,569.0
2025-09-23,6050.007721797422,6060.861622931999,-10.853901134576518,-0.5321549373141135,False,28.008333333333336,69.125,79.5,829.0
2025-11-22,12751.81607378362,12764.508613245525,-12.692539461904744,-0.5317449930349233,False,26.47083333333333,99.79166666666667,86.875,644.0
2026-01-15,10691.520255994928,10695.74462949204,-4.224373497110719,-0.5286551434180999,False,26.016666666666666,82.25,80.70833333333333,707.0
2026-03-02,7821.47177837826,8001.707232969502,-180.23545459124216,-0.48206057307751016,False,26.645833333333332,92.75,84.70833333333333,927.0
2025-10-02,7169.894937784993,7179.196041327959,-9.301103542966302,-0.4787270704362657,False,26.22083333333333,78.58333333333333,82.20833333333333,904.0
2026-03-17,6624.075238431365,6713.310556580729,-89.2353181493645,-0.4708451385154593,False,27.262500000000003,48.625,77.20833333333333,865.0
2025-05-02,5707.162431864456,5711.772230919235,-4.609799054778705,-0.4489910772816323,False,27.0125,78.91666666666667,86.625,828.0
2025-07-09,4049.456641378349,4056.711871210531,-7.255229832182067,-0.44800601758064384,False,27.879166666666666,50.166666666666664,79.0,874.0
2025-04-20,7289.504837910909,7295.963144428194,-6.4583065172846545,-0.4460239114314035,False,26.358333333333334,88.29166666666667,87.625,887.0
2025-04-25,6203.690506425993,6211.3285501243145,-7.6380436983217805,-0.43526535291011703,False,26.833333333333332,48.666666666666664,86.375,878.0
2025-06-21,5905.297876807469,5912.735203917284,-7.43732710981476,-0.4285758254490859,False,27.754166666666666,71.95833333333333,81.16666666666667,828.0
2025-12-23,8979.272838670513,8985.171746003642,-5.898907333128591,-0.4260819732179807,False,27.02916666666667,87.20833333333333,80.875,863.0
2025-07-15,11163.3915252921,11167.923774977491,-4.5322496853914345,-0.40738141438690534,False,27.191666666666666,93.375,83.33333333333333,498.0
2025-07-04,6145.5880850195135,6152.451579784154,-6.8634947646405635,-0.40657586747763125,False,26.266666666666666,77.08333333333333,87.16666666666667,756.0
2025-04-07,8735.922334317002,8742.13764985164,-6.215315534638648,-0.3983244056265815,False,25.162499999999998,94.83333333333333,92.16666666666667,753.0
2025-11-04,8365.75016606192,8375.880767268683,-10.130601206763458,-0.3979657931813659,False,26.9375,97.16666666666667,85.20833333333333,808.0
2025-10-01,7820.1168414050935,7827.9726378971645,-7.855796492071022,-0.39547094643512054,False,26.849999999999998,71.33333333333333,84.83333333333333,928.0
2025-11-23,10537.171084200265,10547.808437457932,-10.6373532576672,-0.39208173937689345,False,27.474999999999998,91.58333333333333,78.95833333333333,759.0
2025-10-31,8594.266038835667,8603.284609415841,-9.018570580174128,-0.39048593859713315,False,28.458333333333332,68.41666666666667,79.79166666666667,842.0
2025-09-05,8116.541333864174,8122.606903472039,-6.065569607865655,-0.3671122826546811,False,26.433333333333334,97.79166666666667,85.45833333333333,791.0
2025-08-04,8129.947058291937,8133.899377030948,-3.952318739011389,-0.3290563311503683,False,26.287499999999998,98.75,90.66666666666667,610.0
2025-11-17,9190.64979655662,9198.438565186523,-7.788768629903643,-0.31423743034482626,False,26.129166666666666,97.66666666666667,89.33333333333333,899.0
2025-06-18,8338.604972962112,8347.264110634618,-8.659137672506404,-0.3118510461617935,False,26.479166666666668,97.625,84.91666666666667,808.0
2026-01-24,7588.98545215027,7602.397879798456,-13.412427648186167,-0.3094468860087826,False,26.6875,98.125,73.66666666666667,888.0
2025-07-24,4992.445617670956,4995.7942951595915,-3.348677488635076,-0.30889342842039447,False,28.083333333333332,49.083333333333336,78.83333333333333,789.0
2025-06-27,5657.1668435096235,5665.016350579498,-7.849507069874562,-0.3042621437822734,False,28.491666666666664,55.75,77.875,804.0
2025-06-28,7833.325690992018,7841.28994206587,-7.964251073851301,-0.295124990406303,False,27.55,76.58333333333333,82.70833333333333,652.0
2025-08-08,6869.355033997569,6871.491081085704,-2.1360470881345464,-0.27382328930057004,False,28.03333333333333,73.41666666666667,78.08333333333333,840.0
2026-01-07,10479.36870003737,10482.406864423054,-3.038164385683558,-0.2737538770460277,False,24.829166666666666,98.54166666666667,91.33333333333333,622.0
2026-03-01,6734.526195163613,6881.111758425027,-146.58556326141388,-0.27074863171683733,False,27.5125,82.95833333333333,82.25,898.0
2025-07-05,6925.600137158274,6931.129515688145,-5.529378529870883,-0.26474801253913904,False,26.40833333333333,82.41666666666667,85.70833333333333,729.0
2025-05-18,9089.98492632846,9093.450485020798,-3.4655586923381634,-0.24008528081638758,False,26.245833333333334,98.25,90.95833333333333,644.0
2025-10-24,7186.899159246035,7192.841061991557,-5.941902745521475,-0.23687916836814013,False,27.775000000000002,88.45833333333333,76.0,927.0
2025-07-31,7296.810644297742,7299.325273013952,-2.5146287162096996,-0.2254875359873426,False,28.395833333333332,96.70833333333333,78.16666666666667,789.0
2025-08-27,6432.197194158761,6433.445759016007,-1.2485648572464925,-0.20209005141105332,False,27.491666666666664,71.04166666666667,81.25,909.0
2025-12-13,12251.693708247441,12255.549468355104,-3.855760107662718,-0.18870507262866257,False,25.183333333333334,100.0,90.375,517.0
2025-11-02,9807.11733477888,9813.092831300939,-5.975496522058165,-0.1720989640605478,False,27.55,78.79166666666667,83.75,844.0
2025-08-02,6313.9054044940185,6315.878892603074,-1.9734881090553245,-0.1697417641995505,False,27.833333333333332,85.75,82.45833333333333,774.0
2026-02-26,8072.527174346858,8188.816351803236,-116.28917745637773,-0.16750161048078563,False,26.258333333333336,90.20833333333333,84.33333333333333,936.0
2025-06-22,4655.015594929824,4658.614136827175,-3.5985418973505148,-0.16372163816350507,False,28.366666666666664,35.083333333333336,77.375,779.0
2025-10-28,6867.42078368277,6870.69441558085,-3.273631898079657,-0.15484392277332043,False,28.245833333333334,68.33333333333333,75.33333333333333,893.0
2025-08-20,9840.015794665098,9841.60577847815,-1.589983813051731,-0.15444719902039555,False,26.333333333333332,99.875,81.08333333333333,810.0
2026-03-09,8549.539201763644,8640.028942088038,-90.489740324394,-0.1535484416235369,False,26.929166666666664,93.33333333333333,76.5,873.0
2025-08-13,9999.990005327969,10001.426460872128,-1.436455544158889,-0.1440889572120516,False,25.929166666666664,92.08333333333333,82.66666666666667,586.0
2025-10-30,5622.309976065869,5627.086024319153,-4.776048253283989,-0.1357882319157919,False,28.679166666666664,53.458333333333336,75.25,961.0
2026-01-01,11196.087396155091,11196.83129003508,-0.7438938799878088,-0.12990114505036995,False,26.09583333333333,98.58333333333333,83.0,671.0
2025-12-30,11582.95359396747,11583.039163917472,-0.08556995000253664,-0.12078532684298326,False,26.566666666666666,99.875,78.25,719.0
2025-12-21,9156.39176614386,9157.819455244431,-1.4276891005702055,-0.12040678880486828,False,27.125,92.70833333333333,78.91666666666667,822.0
2026-03-12,7424.095140864496,7476.024119799151,-51.92897893465488,-0.11009972437310597,False,26.34583333333333,50.166666666666664,82.33333333333333,878.0
2025-06-14,6692.651227120723,6696.715438444461,-4.064211323738164,-0.10288500471360726,False,28.712500000000002,87.58333333333333,78.5,782.0
2026-03-13,7295.470269906804,7339.5374252019765,-44.0671552951726,-0.0992640991103563,False,26.991666666666664,63.75,78.125,889.0
2025-06-15,5654.2401435108495,5657.749203258653,-3.5090597478038035,-0.09716556925921385,False,28.045833333333334,96.83333333333333,83.625,806.0
2025-06-26,5735.927103767834,5740.042783372721,-4.115679604887191,-0.09292512979330246,False,29.129166666666666,78.625,75.54166666666667,829.0
2026-02-22,8556.65977747051,8644.29482929015,-87.63505181963956,-0.09025138427623809,False,26.316666666666666,91.95833333333333,80.33333333333333,907.0
2025-05-06,4178.217300515516,4177.798951134485,0.4183493810314758,-0.0815305372470076,False,28.104166666666668,46.0,82.58333333333333,911.0
2025-11-08,5857.678590812209,5860.237472994919,-2.558882182709567,-0.08126865203474119,False,28.391666666666666,93.91666666666667,73.91666666666667,941.0
2025-05-12,8518.53723516116,8518.043146638112,0.49408852304804896,-0.08038062624162456,False,26.979166666666668,99.875,89.04166666666667,836.0
2026-01-12,11773.95780728895,11774.264268242869,-0.3064609539178491,-0.08013780832714552,False,25.8125,76.45833333333333,73.04166666666667,874.0
2025-10-18,8310.819485684679,8311.201215403562,-0.38172971888343454,-0.07963716591595732,False,27.90416666666667,92.66666666666667,78.66666666666667,837.0
2026-02-28,8047.689349811095,8161.662402125271,-113.97305231417613,-0.07591901520401774,False,27.129166666666666,82.58333333333333,82.45833333333333,945.0
2025-06-24,5696.7437009506775,5699.558651748184,-2.8149507975067536,-0.06766845386601512,False,27.616666666666664,54.958333333333336,82.0,820.0
2025-05-29,9546.384491566032,9546.802556209257,-0.41806464322507964,-0.06351323320962851,False,27.191666666666666,91.83333333333333,81.54166666666667,733.0
2025-09-12,8005.228025665997,8006.133060381396,-0.9050347153988696,-0.013584647437483163,False,25.645833333333332,99.41666666666667,83.375,816.0
2026-03-05,8899.134575250035,8967.25289363863,-68.11831838859507,-0.013184912899076612,False,26.745833333333334,93.08333333333333,82.08333333333333,920.0
2025-05-09,6093.312051744807,6092.290052449025,1.021999295781825,-0.010953848716734068,False,27.916666666666668,92.20833333333333,82.08333333333333,845.0
2025-04-26,6753.156536720657,6754.941166008539,-1.784629287882126,-0.010053391805034033,False,26.329166666666666,56.666666666666664,87.91666666666667,873.0
2025-10-17,9063.600227381847,9063.972982527386,-0.37275514553948597,-0.005651258869542744,False,26.629166666666666,97.125,87.58333333333333,717.0
2025-04-08,9865.277143699226,9866.871498817247,-1.5943551180207578,-0.005123436012142345,False,25.59583333333333,99.70833333333333,90.70833333333333,695.0
2025-12-09,8519.616158740178,8522.459937282862,-2.8437785426831397,-0.0018569615290760654,False,26.129166666666666,98.33333333333333,78.45833333333333,890.0
2025-12-01,8884.979068821529,8888.239835544011,-3.2607667224820034,0.0007935462287922013,False,26.47083333333333,78.08333333333333,88.54166666666667,805.0
2025-08-01,6756.0480787129045,6755.204147310792,0.8439314021125028,0.0012107775219842548,False,28.066666666666666,83.875,80.95833333333333,837.0
2025-11-29,7081.070256963125,7083.940210829031,-2.8699538659057,0.029816239712843702,False,26.795833333333334,95.125,76.5,919.0
2026-01-08,11996.96792105168,11996.17159957157,0.7963214801111462,0.03362335892385964,False,25.316666666666666,100.0,84.5,668.0
2025-08-16,8770.557960172704,8768.722194032596,1.8357661401078076,0.04171038611326762,False,27.275000000000002,86.875,79.66666666666667,794.0
2025-09-25,7430.882074206175,7430.014569012029,0.8675051941463607,0.04619779660983209,False,27.670833333333334,84.33333333333333,80.79166666666667,824.0
2025-05-05,8646.332874772781,8643.804252871254,2.5286219015270035,0.06060145569954686,False,26.59166666666667,80.41666666666667,89.125,752.0
2025-08-10,7817.776282377469,7814.205974734244,3.570307643225533,0.06218921490239636,False,26.758333333333336,97.95833333333333,84.5,832.0
2025-12-04,9164.380830693537,9165.254590151653,-0.8737594581161829,0.06798391974435544,False,25.358333333333334,97.83333333333333,91.0,768.0
2026-02-13,11264.688274996908,11328.92662662731,-64.23835163040167,0.07376545405351129,False,26.400000000000002,99.91666666666667,82.75,634.0
2025-08-24,8932.821259800327,8929.958906493366,2.862353306960358,0.08000040065528727,False,24.412499999999998,95.04166666666667,88.625,501.0
2025-12-25,11166.144006103748,11164.260497003206,1.8835091005421418,0.08466320523178342,False,26.958333333333332,96.375,83.625,735.0
2025-09-24,6524.825579883699,6522.902120646434,1.9234592372649786,0.08672099370371768,False,27.920833333333334,62.5,79.79166666666667,842.0
2025-04-19,7698.693017638928,7697.882070567543,0.8109470713843621,0.08768075511160478,False,26.3,62.666666666666664,89.375,782.0
2026-02-23,10519.692540028875,10569.234034043446,-49.54149401457107,0.10257325495021538,False,25.870833333333334,99.66666666666667,85.54166666666667,809.0
2025-11-28,11429.470732221438,11431.131889616243,-1.6611573948048317,0.1033962655768033,False,25.3875,100.0,89.66666666666667,573.0
2025-07-10,6167.811692888153,6168.035968640905,-0.22427575275196432,0.1101865445045002,False,27.7625,84.41666666666667,80.95833333333333,784.0
2026-01-20,9349.861314395359,9352.614528420818,-2.753214025458874,0.11896410539966701,False,25.854166666666668,95.95833333333333,77.95833333333333,851.0
2026-03-20,6088.2608371501055,6110.257105993511,-21.996268843405232,0.12176426096124406,False,27.579166666666666,39.5,75.54166666666667,930.0
2025-06-03,5063.707974739321,5064.487822591991,-0.7798478526701729,0.12487928016261121,False,28.425,41.166666666666664,78.125,820.0
2025-05-17,4881.726921524818,4879.997793503381,1.7291280214367362,0.13269133443569617,False,28.8125,82.79166666666667,79.41666666666667,890.0
2025-08-09,6345.402050110981,6341.17184436146,4.230205749520792,0.13393224916103003,False,27.96666666666667,73.66666666666667,80.08333333333333,863.0
2025-08-03,8420.174306341014,8417.248878600625,2.925427740388841,0.13631332932250556,False,26.954166666666666,98.16666666666667,87.79166666666667,726.0
2025-07-07,8689.007041849765,8688.037134916638,0.9699069331272767,0.136654906434883,False,28.104166666666668,71.5,77.04166666666667,708.0
2026-01-02,9334.220697684847,9331.859451250542,2.361246434304121,0.1392060968545338,False,26.1125,96.0,80.54166666666667,782.0
2025-09-15,11978.983509731275,11979.24623179876,-0.26272206748399185,0.14314283537534786,False,26.420833333333334,91.25,80.0,752.0
2025-05-04,6180.620196762699,6177.266247853774,3.353948908925304,0.1451792372458708,False,26.995833333333334,71.41666666666667,84.79166666666667,918.0
2025-11-30,8811.570443067832,8812.097151487955,-0.5267084201223042,0.1491968019283153,False,26.77916666666667,73.25,81.20833333333333,828.0
2025-05-11,6583.877839192212,6580.512647878143,3.365191314069307,0.16182522464960525,False,27.59166666666667,98.33333333333333,85.33333333333333,870.0
2025-04-11,6079.535767382758,6080.825229262861,-1.2894618801028628,0.1708361147615165,False,25.724999999999998,97.95833333333333,88.20833333333333,860.0
2025-10-05,8525.894947117431,8520.863086271605,5.031860845825577,0.171227798471113,False,27.058333333333334,90.75,81.83333333333333,879.0
2026-02-05,7845.241849518047,7846.821954748539,-1.5801052304914265,0.18635543998866547,False,26.537499999999998,75.16666666666667,80.95833333333333,883.0
2025-07-02,8637.550191528477,8635.510635862698,2.0395556657786074,0.19105955299554722,False,27.429166666666664,96.16666666666667,83.41666666666667,731.0
2025-09-30,9984.734621397092,9981.14648031802,3.5881410790716473,0.1916570101215554,False,27.875,91.58333333333333,80.79166666666667,706.0
2025-04-16,9384.3069815697,9382.830315851403,1.4766657182972267,0.2245083825487753,False,26.141666666666666,94.20833333333333,89.08333333333333,570.0
2025-07-25,7237.159493749047,7234.0318190213475,3.127674727699741,0.22900732613480548,False,27.879166666666666,96.75,80.95833333333333,805.0
2026-02-27,8917.67924068657,8966.206020232104,-48.52677954553474,0.24326705898014656,False,26.233333333333334,99.45833333333333,86.375,753.0
2025-06-17,8476.894742237364,8475.081625409683,1.8131168276813696,0.24761996185620042,False,25.945833333333336,93.5,90.33333333333333,605.0
2025-11-01,7092.306538339565,7090.406063205696,1.9004751338688948,0.2492138741068177,False,28.191666666666666,48.916666666666664,80.70833333333333,844.0
2026-03-03,7657.433602641921,7700.688881213236,-43.25527857131419,0.2574980811143692,False,26.15416666666667,84.91666666666667,86.41666666666667,971.0
2025-11-03,10323.80483651186,10323.324920558625,0.4799159532340127,0.2580203402013658,False,26.554166666666664,99.58333333333333,83.33333333333333,864.0
2025-10-04,6740.722562817052,6734.34958061515,6.372982201901323,0.2585391680423865,False,27.5,81.54166666666667,77.83333333333333,952.0
2025-04-10,7917.708422265942,7918.079783352119,-0.3713610861768757,0.25949597961099996,False,26.520833333333332,90.75,88.0,821.0
2025-10-25,9668.04174945132,9665.586527436268,2.455222015052641,0.2644310771545551,False,26.854166666666668,99.16666666666667,76.375,878.0
2025-12-24,8624.213016188007,8620.236638203296,3.97637798471078,0.2659104980731272,False,27.329166666666666,70.5,80.125,874.0
2026-02-21,8676.54282838281,8681.83778574282,-5.294957360010812,0.26650462566907357,False,26.125,98.75,83.16666666666667,862.0
2025-05-19,9351.837953588734,9348.565709659824,3.2722439289100294,0.2728566608391178,False,26.941666666666666,88.0,89.375,452.0
2025-07-28,5105.190902832148,5099.529054156742,5.661848675405963,0.27690438236740084,False,28.670833333333334,21.875,77.5,826.0
2026-03-11,5633.227190753339,5626.423661038561,6.803529714778051,0.2774314574181773,False,26.895833333333332,73.83333333333333,74.95833333333333,956.0
2025-10-09,10422.492230736296,10417.725252602168,4.766978134128294,0.280549997639866,False,25.754166666666666,97.91666666666667,85.5,671.0
2025-12-17,8988.81690266526,8986.087031970716,2.7298706945439335,0.28944816297449205,False,24.40416666666667,98.66666666666667,93.25,671.0
2025-09-08,9010.276553358479,9007.492253637329,2.7842997211500915,0.2988584105083924,False,26.537499999999998,99.54166666666667,86.91666666666667,750.0
2025-05-28,4648.157074636398,4641.907087728216,6.249986908182109,0.30111262940053285,False,28.495833333333334,59.416666666666664,81.33333333333333,829.0
2026-02-24,8106.5062264820735,8118.640291997032,-12.13406551495882,0.31365211543279237,False,26.45,90.79166666666667,82.58333333333333,880.0
2025-06-04,4524.44113764302,4522.1583833346795,2.2827543083403725,0.31524806602644234,False,28.183333333333334,55.583333333333336,81.625,852.0
2026-03-19,6578.420041025388,6557.571828554212,20.84821247117634,0.32740266250190597,False,27.5625,35.0,74.45833333333333,944.0
2025-12-19,11293.523664296852,11289.814039068835,3.709625228017103,0.3529712496521809,False,25.045833333333334,99.08333333333333,91.45833333333333,473.0
2025-06-23,5160.570781431521,5155.314821914937,5.255959516583971,0.36228799677987844,False,27.6375,61.0,80.08333333333333,858.0
2025-12-28,11197.986191531763,11192.342103071405,5.644088460358034,0.36781970073301967,False,25.558333333333334,99.29166666666667,89.41666666666667,741.0
2025-06-08,6366.809443263763,6361.761971477393,5.047471786369897,0.3687076907272083,False,27.566666666666666,91.70833333333333,84.875,787.0
2025-10-14,7733.7156798281585,7726.979071070594,6.736608757564682,0.37255324411403845,False,27.40416666666667,75.375,83.83333333333333,885.0
2025-10-15,8218.507131463857,8211.077066222842,7.430065241014745,0.3934141339913498,False,27.479166666666668,94.375,81.45833333333333,908.0
2025-11-09,9578.60918981682,9573.344892871322,5.264296945497335,0.4044538008567162,False,28.075,95.45833333333333,77.83333333333333,893.0
2025-12-29,11866.767798483826,11860.128474825387,6.639323658439025,0.4219318361264757,False,25.599999999999998,97.29166666666667,88.125,572.0
2025-05-24,4868.215521617745,4862.550788880901,5.6647327368445985,0.42422352857391854,False,28.670833333333334,85.20833333333333,78.95833333333333,881.0
2025-12-10,9531.003172872695,9525.92577869321,5.077394179485054,0.4267039224514573,False,26.041666666666668,88.83333333333333,84.45833333333333,860.0
2025-07-03,8444.411841249328,8438.626396028601,5.785445220726615,0.42962215560289757,False,26.266666666666666,97.0,88.54166666666667,679.0
2025-05-21,5985.584460106328,5981.579132501441,4.005327604887498,0.4340790660802476,False,28.03333333333333,61.041666666666664,83.29166666666667,804.0
2025-11-20,8884.063503543855,8880.36509940156,3.6984041422947485,0.4414470470185779,False,25.8875,98.29166666666667,89.91666666666667,714.0
2025-08-23,6798.571888868675,6790.034895538592,8.536993330083533,0.4451168254272117,False,26.837500000000002,67.75,81.375,719.0
2025-10-07,7553.711700428742,7543.454671852207,10.257028576535049,0.44668257437521447,False,26.59583333333333,75.95833333333333,81.95833333333333,894.0
2025-08-18,8519.669976524681,8511.278584635864,8.391391888817452,0.45532132704575723,False,26.458333333333332,90.375,87.66666666666667,787.0
2025-08-11,8746.48114500704,8737.754227676694,8.726917330344804,0.4651984077306223,False,25.295833333333334,100.0,89.29166666666667,357.0
2025-09-19,9052.158968045527,9045.616142141325,6.542825904201891,0.49313335758240945,False,26.995833333333334,82.875,86.0,798.0
2025-04-30,7492.409412456213,7484.786806921334,7.622605534879767,0.5129895008738086,False,26.679166666666664,82.91666666666667,86.08333333333333,812.0
2025-07-21,4327.784215890487,4320.673754792051,7.110461098435735,0.5136042288745128,False,27.304166666666664,77.58333333333333,80.41666666666667,899.0
2025-08-21,8239.43526445411,8229.293299722882,10.141964731228654,0.525228030137959,False,27.004166666666666,91.75,82.79166666666667,771.0
2026-02-06,9676.592477506056,9627.337694615027,49.2547828910283,0.525575439026357,False,26.3125,81.79166666666667,79.0,759.0
2025-04-28,6927.618394888973,6921.526426317065,6.091968571908183,0.5327162569730794,False,26.47083333333333,97.16666666666667,88.91666666666667,832.0
2025-09-14,5949.488299398206,5943.471955288511,6.016344109695638,0.5436052674359331,False,26.804166666666664,80.79166666666667,82.58333333333333,913.0
2025-09-06,7684.427262162639,7677.76491132948,6.662350833158598,0.5501261755223369,False,27.375,95.58333333333333,81.04166666666667,853.0
2025-04-18,5149.39446055398,5142.263322468951,7.131138085029306,0.5524200764093629,False,27.133333333333336,71.20833333333333,84.5,925.0
2026-03-29,10798.15984421001,10787.901977360916,10.257866849093261,0.5577710775881942,False,26.766666666666666,98.83333333333333,82.41666666666667,806.0
2025-08-26,5060.843190513641,5052.577305078127,8.265885435514065,0.5687558087406192,False,27.066666666666666,44.833333333333336,83.54166666666667,899.0
2025-12-03,7940.464218801442,7932.720396630843,7.743822170598833,0.5749283427945495,False,26.416666666666668,91.20833333333333,83.45833333333333,884.0
2025-06-19,8990.690076237686,8982.477262604749,8.212813632937468,0.5752945671454741,False,27.0,98.29166666666667,78.625,591.0
2025-06-06,9243.88155815232,9235.556087512996,8.325470639323612,0.5760071806235683,False,26.3125,97.875,89.125,471.0
2025-11-05,8859.407779936455,8853.418339899585,5.989440036870292,0.5988068820600054,False,27.679166666666664,98.83333333333333,81.04166666666667,919.0
2026-01-10,7885.607763554589,7877.675690824271,7.932072730317486,0.6125401835485274,False,25.704166666666666,92.41666666666667,76.75,845.0
2025-07-16,6437.874561582092,6428.543322162741,9.331239419350823,0.6133692271113038,False,28.645833333333332,80.66666666666667,76.875,794.0
2025-07-29,5404.631385759909,5393.3992890412255,11.232096718683351,0.6236555932742665,False,28.912499999999998,23.75,76.33333333333333,833.0
2026-02-17,7019.728978116211,6991.358106255519,28.370871860692205,0.6470194841623915,False,23.912499999999998,99.75,97.625,324.0
2025-11-18,8585.604554657531,8577.1963838082,8.408170849332237,0.6561858471029689,False,26.47083333333333,99.625,87.33333333333333,876.0
2025-08-06,5726.431420135673,5715.952171941317,10.479248194355932,0.6598049417240346,False,27.179166666666664,86.16666666666667,82.33333333333333,859.0
2025-07-17,7737.940135675735,7727.527853962115,10.41228171362036,0.6745634767385035,False,28.441666666666666,98.25,79.75,799.0
2026-02-25,9130.909693665008,9062.032154943428,68.87753872157919,0.690376000333077,False,26.075,97.54166666666667,84.54166666666667,945.0
2025-10-22,11899.652097890616,11889.71052389225,9.94157399836513,0.700339209352309,False,26.566666666666666,99.91666666666667,84.25,599.0
2025-12-12,9315.505098453168,9304.881691668434,10.62340678473447,0.7026423705271874,False,25.983333333333334,99.16666666666667,88.375,900.0
2026-01-04,8046.634839568948,8036.829238522208,9.805601046740776,0.7104443953182629,False,26.09166666666667,98.70833333333333,77.20833333333333,908.0
2025-12-07,11181.335657511578,11170.728994171432,10.606663340146042,0.7413286159364585,False,26.704166666666666,99.83333333333333,78.45833333333333,855.0
2026-03-06,8853.177270529843,8767.855716717442,85.32155381240045,0.7795550729181628,False,26.445833333333336,99.95833333333333,81.625,841.0
2025-07-23,7108.234136265723,7097.659285135733,10.574851129989838,0.7832454252810844,False,27.295833333333334,50.583333333333336,81.5,783.0
2025-12-05,6544.214814733169,6532.069539611248,12.145275121921259,0.792519525642191,False,26.429166666666664,72.75,82.625,931.0
2025-04-14,7789.8429399687875,7779.261735814441,10.581204154346779,0.7927462356802542,False,26.724999999999998,95.75,86.58333333333333,915.0
2025-06-01,7721.701400875033,7710.272268120281,11.429132754751663,0.8021692575579189,False,28.4375,93.54166666666667,82.20833333333333,811.0
2025-07-13,5469.947884412489,5459.29725441664,10.650629995849158,0.8029691478044921,False,27.370833333333334,74.16666666666667,83.75,792.0
2026-01-11,11076.52070018485,11066.279752071405,10.240948113445484,0.8059214195419798,False,25.445833333333336,80.75,75.83333333333333,715.0
2025-07-14,7175.523698704774,7164.18481877301,11.338879931763586,0.8086016386261821,False,26.900000000000002,94.29166666666667,85.54166666666667,782.0
2026-03-27,7923.044018664153,7893.888505605976,29.15551305817644,0.8213561886266065,False,27.375,92.875,74.5,897.0
2025-04-27,6632.960500181419,6623.069229900084,9.891270281334982,0.8282715111721153,False,26.675,95.16666666666667,85.875,891.0
2025-06-29,8184.174774552279,8173.887529737955,10.287244814323458,0.8336221261577696,False,27.2,76.29166666666667,79.79166666666667,802.0
2025-06-12,5669.682530629903,5657.209696431758,12.472834198145392,0.8426716596541297,False,28.412499999999998,86.58333333333333,80.16666666666667,814.0
2025-11-06,7704.73531648017,7695.0537300162905,9.681586463879285,0.8485347141751423,False,28.099999999999998,97.25,76.95833333333333,961.0
2025-07-19,5964.819671624598,5952.0073908477225,12.812280776875923,0.8539331803192353,False,28.441666666666666,88.20833333333333,77.875,869.0
2025-05-01,8276.818737565,8263.535194382133,13.283543182866197,0.8603242603898017,False,26.441666666666666,87.41666666666667,89.41666666666667,821.0
2026-01-06,12906.153708722599,12895.570204511838,10.58350421076102,0.8648932835664943,False,26.020833333333332,98.25,82.625,519.0
2025-09-11,9454.656745896025,9440.611653027854,14.045092868171196,0.889162953236807,False,25.3125,88.16666666666667,89.79166666666667,767.0
2025-06-10,8714.44057021255,8700.01647119793,14.42409901461906,0.9043816556270807,False,27.254166666666666,96.41666666666667,84.0,659.0
2025-10-27,10313.269399394223,10299.030067571966,14.239331822256645,0.9137879624709192,False,27.920833333333334,91.95833333333333,78.125,750.0
2025-04-17,9002.30108391535,8990.309325437045,11.9917584783052,0.9212867637653712,False,26.641666666666666,89.79166666666667,83.20833333333333,828.0
2025-05-03,6633.861144301047,6619.300308778074,14.560835522972411,0.9310790427111422,False,26.75,90.58333333333333,89.0,817.0
2025-06-25,7298.928927709099,7285.9696271268385,12.959300582260767,0.9312129367350781,False,28.558333333333334,84.875,77.58333333333333,770.0
2025-07-06,4192.19821076938,4180.640573491309,11.557637278071525,0.9317672985950228,False,28.075000000000003,33.0,76.91666666666667,852.0
2025-12-02,6654.113024302863,6640.362061573366,13.750962729496678,0.9350152934877659,False,24.333333333333332,95.91666666666667,95.16666666666667,269.0
2025-08-31,7575.33189176369,7561.919984550395,13.411907213294398,0.9397048598217438,False,27.266666666666666,71.125,83.5,858.0
2026-01-03,11639.431663437696,11626.28163831695,13.15002512074534,0.9705838673439109,False,25.579166666666666,99.95833333333333,82.83333333333333,740.0
2025-08-29,7331.065980604856,7317.7685764911,13.297404113755874,0.9960056045052923,False,27.416666666666668,98.375,78.95833333333333,871.0
2025-09-22,8308.899653145158,8288.625151291555,20.274501853602487,1.006481989184194,False,27.233333333333334,79.0,84.83333333333333,868.0
2025-11-24,12781.354309484914,12768.61419414938,12.740115335533119,1.0317094013658472,False,26.866666666666664,99.625,85.33333333333333,623.0
2026-01-29,7393.162395191585,7282.318668751194,110.84372644039104,1.0426584821985896,False,26.270833333333332,68.375,77.5,880.0
2025-05-27,7608.020698525612,7589.921592947214,18.09910557839794,1.0611165735104755,False,27.645833333333332,84.0,85.75,715.0
2025-12-06,7899.847806732888,7882.435595255928,17.412211476959783,1.0621963124234612,False,26.016666666666666,87.66666666666667,83.91666666666667,856.0
2025-12-15,7016.221285047748,7000.753377432551,15.467907615196964,1.082625951729067,False,23.820833333333336,100.0,97.5,306.0
2025-10-13,10735.74081627293,10714.821033324606,20.9197829483237,1.0865412028919903,False,27.066666666666666,98.0,83.20833333333333,760.0
2026-03-30,6832.762462300475,6729.712698871562,103.04976342891314,1.1092285606933716,False,26.9375,98.375,84.125,941.0
2025-09-29,10726.053050125483,10703.475022675262,22.57802745022127,1.1235458420017654,False,27.47083333333333,99.0,80.25,724.0
2025-10-16,7122.109941129478,7098.432004739103,23.67793639037518,1.1270925732644252,False,27.066666666666666,82.66666666666667,84.375,896.0
2025-05-26,4536.441238438174,4517.026968936181,19.41426950199275,1.1803781155680853,False,28.608333333333334,60.166666666666664,77.20833333333333,873.0
2026-02-16,12346.516787591709,12224.123385980565,122.39340161114342,1.1993217197566841,False,25.425,97.0,89.29166666666667,689.0
2025-12-26,11137.002350558894,11120.324820971933,16.6775295869611,1.2215967136003898,False,26.316666666666666,99.91666666666667,87.41666666666667,760.0
2025-09-03,9179.361673972468,9159.885010741727,19.476663230740087,1.3109062100403412,False,26.754166666666666,89.54166666666667,84.25,777.0
2025-10-03,10106.202964170387,10079.134035083272,27.068929087114157,1.3373960726427916,False,26.075,96.625,88.41666666666667,871.0
2025-09-21,7122.60325695092,7096.394390804571,26.208866146348555,1.344203228873882,False,27.40416666666667,46.166666666666664,81.54166666666667,885.0
2026-03-10,6890.756767620075,6699.992977291849,190.7637903282266,1.3453679178268272,False,26.912499999999998,99.0,74.0,1016.0
2025-11-16,11252.284956892456,11232.267511788656,20.017445103800128,1.4182942351606926,False,25.5125,98.91666666666667,91.45833333333333,581.0
2025-10-20,8144.198933447681,8119.024539816267,25.174393631414205,1.439149398024349,False,27.22083333333333,99.79166666666667,84.125,888.0
2026-02-20,12574.92954214125,12327.759646928705,247.16989521254436,1.4517017949615172,False,25.09583333333333,99.79166666666667,86.58333333333333,564.0
2025-06-05,6542.920613105329,6520.342709105424,22.577903999905175,1.4685941853944355,False,27.441666666666666,92.5,85.70833333333333,711.0
2025-08-07,4924.505787758001,4900.049880600476,24.455907157524962,1.473779311343107,False,28.09166666666667,36.25,79.70833333333333,864.0
2026-03-26,5998.1889870727655,5871.212535309441,126.9764517633248,1.5010603669133606,False,27.537499999999998,86.5,73.45833333333333,896.0
2025-05-25,5750.007031521937,5726.880467251893,23.126564270044582,1.505147212464698,False,27.558333333333334,83.16666666666667,84.91666666666667,850.0
2025-05-13,7203.429894969003,7182.249973034237,21.179921934765844,1.508793034780118,False,26.883333333333336,96.91666666666667,86.875,846.0
2025-05-23,6732.65548791308,6711.548023894443,21.107464018637074,1.5245466827495289,False,28.445833333333336,92.75,79.41666666666667,869.0
2026-02-19,10006.068569895524,9753.881860534826,252.18670936069793,1.5823450078527534,False,24.1875,99.91666666666667,93.5,415.0
2026-01-14,7953.24170923472,7932.948824296004,20.29288493871536,1.5950142685858661,False,26.233333333333334,81.5,80.25,826.0
2025-07-01,4551.950288826681,4528.92955305051,23.020735776171023,1.620560614793107,False,28.370833333333334,45.666666666666664,77.91666666666667,844.0
2025-06-20,8020.478139749431,7989.502365725283,30.97577402414754,1.7247062882035806,False,26.925,93.95833333333333,85.79166666666667,587.0
2025-04-21,6977.9253283490825,6953.286647649446,24.638680699636097,1.7429682142874927,False,25.90416666666667,94.91666666666667,89.41666666666667,858.0
2026-03-28,9755.071137035618,9559.538512559802,195.5326244758162,1.8254078366303106,False,27.270833333333332,93.875,76.25,753.0
2025-09-20,9078.875760820945,9045.118260023222,33.75750079772297,1.8405137714654365,False,26.9375,76.04166666666667,82.5,804.0
2026-02-18,11406.25195948979,11123.728708264987,282.52325122480215,1.8548971561722478,False,24.8625,100.0,90.79166666666667,576.0
2025-11-07,8800.307341773196,8773.025489527296,27.281852245900154,1.8835516096344425,False,28.025000000000002,99.58333333333333,75.95833333333333,868.0
2026-03-04,11947.918340006501,11658.369445568103,289.54889443839784,1.9671679244577887,False,26.041666666666668,99.95833333333333,86.75,779.0
2025-11-26,10002.293698167381,9971.57726928798,30.716428879401064,2.004032063325208,False,26.620833333333334,99.83333333333333,85.29166666666667,845.0
2026-01-16,8137.767383921895,8110.918129538843,26.84925438305254,2.0205474335534492,False,26.191666666666666,95.70833333333333,80.54166666666667,840.0
2025-11-14,9850.917105832745,9821.444455034572,29.472650798172253,2.0686160713045214,False,25.84583333333333,98.83333333333333,89.79166666666667,765.0
2025-07-12,10508.92709620527,10481.872296713766,27.054799491505037,2.1240920705526216,False,26.5625,92.125,86.91666666666667,544.0
2025-09-17,6410.20459771675,6376.134392054221,34.07020566252868,2.1284853653386335,False,25.224999999999998,99.95833333333333,93.04166666666667,225.0
2025-04-29,6549.672522109807,6518.754466942682,30.918055167125203,2.154764229747876,False,26.820833333333336,88.08333333333333,85.29166666666667,865.0
2025-12-20,11109.031566800988,11075.573997957752,33.457568843236004,2.2382842336246678,False,26.270833333333332,86.375,86.625,769.0
2025-09-09,9370.668504869354,9335.412369912578,35.256134956776805,2.2585801293603565,False,25.97083333333333,99.79166666666667,88.91666666666667,787.0
2025-04-13,8839.595755000724,8808.526725223568,31.069029777156175,2.277398546674756,False,25.7625,98.33333333333333,90.66666666666667,752.0
2026-01-28,9005.14241796203,8796.984730826813,208.1576871352172,2.283756331858149,False,26.295833333333334,92.54166666666667,75.5,883.0
2025-08-14,8942.09498349064,8901.788560397605,40.306423093035846,2.346000329213135,False,27.291666666666668,95.08333333333333,79.16666666666667,773.0
2026-01-25,8909.76060849661,8783.200266162805,126.56034233380524,2.3568777530211356,False,26.325,95.875,75.70833333333333,878.0
2025-07-26,8200.734197404656,8160.2075755606975,40.52662184395831,2.676038889589271,False,26.825,97.70833333333333,85.625,695.0
2026-01-22,9052.9416205503,8961.702085814868,91.23953473543224,2.75061660834995,False,25.9875,95.04166666666667,72.70833333333333,861.0
2026-01-23,9291.9390702574,9126.959776481299,164.97929377610126,3.528115879564622,False,26.191666666666666,99.83333333333333,73.58333333333333,889.0
2026-01-27,12200.644537469903,11909.668749045615,290.9757884242881,3.7308367963049287,False,26.375,99.95833333333333,71.45833333333333,828.0
2025-04-01,5914.608027744535,5920.69545053109,-6.087422786554271,,False,27.21666666666667,86.33333333333333,82.95833333333333,945.0
2025-04-02,8598.683769297086,8618.75750814708,-20.073738849994697,,False,26.395833333333332,73.29166666666667,84.20833333333333,874.0
2025-04-03,7236.295314410526,7225.795118001057,10.500196409469027,,False,25.891666666666666,84.83333333333333,88.375,928.0
2025-04-04,8057.467776664378,8044.635038710535,12.832737953843207,,False,26.083333333333332,94.04166666666667,89.16666666666667,796.0
2025-04-05,8259.270419034734,8266.864575346579,-7.594156311844927,,False,26.370833333333334,88.375,87.125,815.0
2025-04-06,6802.665441817573,6796.741930140636,5.923511676936869,,False,26.241666666666664,76.33333333333333,88.33333333333333,920.0
